,company,location,title
0,General Motors,"Austin, TX",Data Scientist
1,CoreLogic,"Irvine, CA",Data Scientist
2,Indeed,"San Francisco, CA",Data Scientist
3,Indeed,"San Francisco, CA",Data Scientist
4,Indeed,"San Francisco, CA",Data Scientist
5,Indeed,"San Francisco, CA",Data Scientist
6,Indeed,"San Francisco, CA",Data Scientist
7,Indeed,"San Francisco, CA",Data Scientist
8,Indeed,"San Francisco, CA",Data Scientist
9,Indeed,"San Francisco, CA",Data Scientist
10,Indeed,"San Francisco, CA",Data Scientist
11,Indeed,"San Francisco, CA",Data Scientist
12,Indeed,"San Francisco, CA",Data Scientist
13,Ariosa Diagnostics,"San Jose, CA",Data Scientist
14,CoreLogic,"Irvine, CA",Data Scientist
15,CoreLogic,"Irvine, CA",Data Scientist
16,CoreLogic,"Irvine, CA",Data Scientist
17,CoreLogic,"Irvine, CA",Data Scientist
18,CoreLogic,"Irvine, CA",Data Scientist
19,CoreLogic,"Irvine, CA",Data Scientist
20,CoreLogic,"Irvine, CA",Data Scientist
21,CoreLogic,"Irvine, CA",Data Scientist
22,CoreLogic,"Irvine, CA",Data Scientist
23,CoreLogic,"Irvine, CA",Data Scientist
24,CoreLogic,"Irvine, CA",Data Scientist
25,National Security Agency,"Fort George G Meade, MD",Data Scientist
26,Ariosa Diagnostics,"San Jose, CA",Data Scientist
27,Ariosa Diagnostics,"San Jose, CA",Data Scientist
28,Ariosa Diagnostics,"San Jose, CA",Data Scientist
29,Ariosa Diagnostics,"San Jose, CA",Data Scientist
30,Ariosa Diagnostics,"San Jose, CA",Data Scientist
31,Ariosa Diagnostics,"San Jose, CA",Data Scientist
32,Ariosa Diagnostics,"San Jose, CA",Data Scientist
33,Ariosa Diagnostics,"San Jose, CA",Data Scientist
34,Ariosa Diagnostics,"San Jose, CA",Data Scientist
35,Ariosa Diagnostics,"San Jose, CA",Data Scientist
36,CoreLogic,"Irvine, CA",Data Scientist
37,National Security Agency,"Fort George G Meade, MD",Data Scientist
38,Ariosa Diagnostics,"San Jose, CA",Data Scientist
39,Ariosa Diagnostics,"San Jose, CA",Data Scientist
40,Ariosa Diagnostics,"San Jose, CA",Data Scientist
41,Ariosa Diagnostics,"San Jose, CA",Data Scientist
42,Ariosa Diagnostics,"San Jose, CA",Data Scientist
43,Ariosa Diagnostics,"San Jose, CA",Data Scientist
44,Ariosa Diagnostics,"San Jose, CA",Data Scientist
45,Ariosa Diagnostics,"San Jose, CA",Data Scientist
46,Ariosa Diagnostics,"San Jose, CA",Data Scientist
47,Ariosa Diagnostics,"San Jose, CA",Data Scientist
48,Ariosa Diagnostics,"San Jose, CA",Data Scientist
49,CoreLogic,"Irvine, CA",Data Scientist
50,National Security Agency,"Fort George G Meade, MD",Data Scientist
51,National Security Agency,"Fort George G Meade, MD",Data Scientist
52,National Security Agency,"Fort George G Meade, MD",Data Scientist
53,National Security Agency,"Fort George G Meade, MD",Data Scientist
54,National Security Agency,"Fort George G Meade, MD",Data Scientist
55,National Security Agency,"Fort George G Meade, MD",Data Scientist
56,National Security Agency,"Fort George G Meade, MD",Data Scientist
57,National Security Agency,"Fort George G Meade, MD",Data Scientist
58,National Security Agency,"Fort George G Meade, MD",Data Scientist
59,National Security Agency,"Fort George G Meade, MD",Data Scientist
60,CoreLogic,"Irvine, CA",Data Scientist
61,National Security Agency,"Fort George G Meade, MD",Data Scientist
62,Ariosa Diagnostics,"San Jose, CA",Data Scientist
63,Ariosa Diagnostics,"San Jose, CA",Data Scientist
64,Ariosa Diagnostics,"San Jose, CA",Data Scientist
65,Ariosa Diagnostics,"San Jose, CA",Data Scientist
66,Ariosa Diagnostics,"San Jose, CA",Data Scientist
67,Ariosa Diagnostics,"San Jose, CA",Data Scientist
68,Ariosa Diagnostics,"San Jose, CA",Data Scientist
69,Ariosa Diagnostics,"San Jose, CA",Data Scientist
70,Ariosa Diagnostics,"San Jose, CA",Data Scientist
71,Ariosa Diagnostics,"San Jose, CA",Data Scientist
72,Indeed,"San Francisco, CA",Data Scientist
73,CoreLogic,"Irvine, CA",Data Scientist
74,Ariosa Diagnostics,"San Jose, CA",Data Scientist
75,Ariosa Diagnostics,"San Jose, CA",Data Scientist
76,Ariosa Diagnostics,"San Jose, CA",Data Scientist
77,Ariosa Diagnostics,"San Jose, CA",Data Scientist
78,Ariosa Diagnostics,"San Jose, CA",Data Scientist
79,Ariosa Diagnostics,"San Jose, CA",Data Scientist
80,Ariosa Diagnostics,"San Jose, CA",Data Scientist
81,Ariosa Diagnostics,"San Jose, CA",Data Scientist
82,Ariosa Diagnostics,"San Jose, CA",Data Scientist
83,Ariosa Diagnostics,"San Jose, CA",Data Scientist
84,Indeed,"San Francisco, CA",Data Scientist
85,CoreLogic,"Irvine, CA",Data Scientist
86,Ariosa Diagnostics,"San Jose, CA",Data Scientist
87,Ariosa Diagnostics,"San Jose, CA",Data Scientist
88,Ariosa Diagnostics,"San Jose, CA",Data Scientist
89,Ariosa Diagnostics,"San Jose, CA",Data Scientist
90,Ariosa Diagnostics,"San Jose, CA",Data Scientist
91,Ariosa Diagnostics,"San Jose, CA",Data Scientist
92,Ariosa Diagnostics,"San Jose, CA",Data Scientist
93,Ariosa Diagnostics,"San Jose, CA",Data Scientist
94,Ariosa Diagnostics,"San Jose, CA",Data Scientist
95,Ariosa Diagnostics,"San Jose, CA",Data Scientist
96,Indeed,"San Francisco, CA",Data Scientist
97,Ariosa Diagnostics,"San Jose, CA",Data Scientist
98,CoreLogic,"Irvine, CA",Data Scientist
99,CoreLogic,"Irvine, CA",Data Scientist
100,CoreLogic,"Irvine, CA",Data Scientist
101,CoreLogic,"Irvine, CA",Data Scientist
102,CoreLogic,"Irvine, CA",Data Scientist
103,CoreLogic,"Irvine, CA",Data Scientist
104,CoreLogic,"Irvine, CA",Data Scientist
105,CoreLogic,"Irvine, CA",Data Scientist
106,CoreLogic,"Irvine, CA",Data Scientist
107,CoreLogic,"Irvine, CA",Data Scientist
108,Indeed,"San Francisco, CA",Data Scientist
109,CoreLogic,"Irvine, CA",Data Scientist
110,Ariosa Diagnostics,"San Jose, CA",Data Scientist
111,Ariosa Diagnostics,"San Jose, CA",Data Scientist
112,Ariosa Diagnostics,"San Jose, CA",Data Scientist
113,Ariosa Diagnostics,"San Jose, CA",Data Scientist
114,Ariosa Diagnostics,"San Jose, CA",Data Scientist
115,Ariosa Diagnostics,"San Jose, CA",Data Scientist
116,Ariosa Diagnostics,"San Jose, CA",Data Scientist
117,Ariosa Diagnostics,"San Jose, CA",Data Scientist
118,Ariosa Diagnostics,"San Jose, CA",Data Scientist
119,Ariosa Diagnostics,"San Jose, CA",Data Scientist
120,Indeed,"San Francisco, CA",Data Scientist
121,National Security Agency,"Fort George G Meade, MD",Data Scientist
122,Ariosa Diagnostics,"San Jose, CA",Data Scientist
123,Ariosa Diagnostics,"San Jose, CA",Data Scientist
124,Ariosa Diagnostics,"San Jose, CA",Data Scientist
125,Ariosa Diagnostics,"San Jose, CA",Data Scientist
126,Ariosa Diagnostics,"San Jose, CA",Data Scientist
127,Ariosa Diagnostics,"San Jose, CA",Data Scientist
128,Ariosa Diagnostics,"San Jose, CA",Data Scientist
129,Ariosa Diagnostics,"San Jose, CA",Data Scientist
130,Ariosa Diagnostics,"San Jose, CA",Data Scientist
131,Ariosa Diagnostics,"San Jose, CA",Data Scientist
132,Indeed,"San Francisco, CA",Data Scientist
133,CoreLogic,"Irvine, CA",Data Scientist
134,Ariosa Diagnostics,"San Jose, CA",Data Scientist
135,Ariosa Diagnostics,"San Jose, CA",Data Scientist
136,Ariosa Diagnostics,"San Jose, CA",Data Scientist
137,Ariosa Diagnostics,"San Jose, CA",Data Scientist
138,Ariosa Diagnostics,"San Jose, CA",Data Scientist
139,Ariosa Diagnostics,"San Jose, CA",Data Scientist
140,Ariosa Diagnostics,"San Jose, CA",Data Scientist
141,Ariosa Diagnostics,"San Jose, CA",Data Scientist
142,Ariosa Diagnostics,"San Jose, CA",Data Scientist
143,Ariosa Diagnostics,"San Jose, CA",Data Scientist
144,Indeed,"San Francisco, CA",Data Scientist
145,Ariosa Diagnostics,"San Jose, CA",Data Scientist
146,CoreLogic,"Irvine, CA",Data Scientist
147,CoreLogic,"Irvine, CA",Data Scientist
148,CoreLogic,"Irvine, CA",Data Scientist
149,CoreLogic,"Irvine, CA",Data Scientist
150,CoreLogic,"Irvine, CA",Data Scientist
151,CoreLogic,"Irvine, CA",Data Scientist
152,CoreLogic,"Irvine, CA",Data Scientist
153,CoreLogic,"Irvine, CA",Data Scientist
154,CoreLogic,"Irvine, CA",Data Scientist
155,CoreLogic,"Irvine, CA",Data Scientist
156,Indeed,"San Francisco, CA",Data Scientist
157,Ariosa Diagnostics,"San Jose, CA",Data Scientist
158,CoreLogic,"Irvine, CA",Data Scientist
159,CoreLogic,"Irvine, CA",Data Scientist
160,CoreLogic,"Irvine, CA",Data Scientist
161,CoreLogic,"Irvine, CA",Data Scientist
162,CoreLogic,"Irvine, CA",Data Scientist
163,CoreLogic,"Irvine, CA",Data Scientist
164,CoreLogic,"Irvine, CA",Data Scientist
165,CoreLogic,"Irvine, CA",Data Scientist
166,CoreLogic,"Irvine, CA",Data Scientist
167,CoreLogic,"Irvine, CA",Data Scientist
168,Indeed,"San Francisco, CA",Data Scientist
169,National Security Agency,"Fort George G Meade, MD",Data Scientist
170,Ariosa Diagnostics,"San Jose, CA",Data Scientist
171,Ariosa Diagnostics,"San Jose, CA",Data Scientist
172,Ariosa Diagnostics,"San Jose, CA",Data Scientist
173,Ariosa Diagnostics,"San Jose, CA",Data Scientist
174,Ariosa Diagnostics,"San Jose, CA",Data Scientist
175,Ariosa Diagnostics,"San Jose, CA",Data Scientist
176,Ariosa Diagnostics,"San Jose, CA",Data Scientist
177,Ariosa Diagnostics,"San Jose, CA",Data Scientist
178,Ariosa Diagnostics,"San Jose, CA",Data Scientist
179,Ariosa Diagnostics,"San Jose, CA",Data Scientist
180,Indeed,"San Francisco, CA",Data Scientist
181,CoreLogic,"Irvine, CA",Data Scientist
182,Ariosa Diagnostics,"San Jose, CA",Data Scientist
183,Ariosa Diagnostics,"San Jose, CA",Data Scientist
184,Ariosa Diagnostics,"San Jose, CA",Data Scientist
185,Ariosa Diagnostics,"San Jose, CA",Data Scientist
186,Ariosa Diagnostics,"San Jose, CA",Data Scientist
187,Ariosa Diagnostics,"San Jose, CA",Data Scientist
188,Ariosa Diagnostics,"San Jose, CA",Data Scientist
189,Ariosa Diagnostics,"San Jose, CA",Data Scientist
190,Ariosa Diagnostics,"San Jose, CA",Data Scientist
191,Ariosa Diagnostics,"San Jose, CA",Data Scientist
192,CoreLogic,"Irvine, CA",Data Scientist
193,National Security Agency,"Fort George G Meade, MD",Data Scientist
194,Ariosa Diagnostics,"San Jose, CA",Data Scientist
195,Ariosa Diagnostics,"San Jose, CA",Data Scientist
196,Ariosa Diagnostics,"San Jose, CA",Data Scientist
197,Ariosa Diagnostics,"San Jose, CA",Data Scientist
198,Ariosa Diagnostics,"San Jose, CA",Data Scientist
199,Ariosa Diagnostics,"San Jose, CA",Data Scientist
200,Ariosa Diagnostics,"San Jose, CA",Data Scientist
201,Ariosa Diagnostics,"San Jose, CA",Data Scientist
202,Ariosa Diagnostics,"San Jose, CA",Data Scientist
203,Ariosa Diagnostics,"San Jose, CA",Data Scientist
204,Indeed,"San Francisco, CA",Data Scientist
205,Ariosa Diagnostics,"San Jose, CA",Data Scientist
206,CoreLogic,"Irvine, CA",Data Scientist
207,CoreLogic,"Irvine, CA",Data Scientist
208,CoreLogic,"Irvine, CA",Data Scientist
209,CoreLogic,"Irvine, CA",Data Scientist
210,CoreLogic,"Irvine, CA",Data Scientist
211,CoreLogic,"Irvine, CA",Data Scientist
212,CoreLogic,"Irvine, CA",Data Scientist
213,CoreLogic,"Irvine, CA",Data Scientist
214,CoreLogic,"Irvine, CA",Data Scientist
215,CoreLogic,"Irvine, CA",Data Scientist
216,Indeed,"San Francisco, CA",Data Scientist
217,CoreLogic,"Irvine, CA",Data Scientist
218,Ariosa Diagnostics,"San Jose, CA",Data Scientist
219,Ariosa Diagnostics,"San Jose, CA",Data Scientist
220,Ariosa Diagnostics,"San Jose, CA",Data Scientist
221,Ariosa Diagnostics,"San Jose, CA",Data Scientist
222,Ariosa Diagnostics,"San Jose, CA",Data Scientist
223,Ariosa Diagnostics,"San Jose, CA",Data Scientist
224,Ariosa Diagnostics,"San Jose, CA",Data Scientist
225,Ariosa Diagnostics,"San Jose, CA",Data Scientist
226,Ariosa Diagnostics,"San Jose, CA",Data Scientist
227,Ariosa Diagnostics,"San Jose, CA",Data Scientist
228,Indeed,"San Francisco, CA",Data Scientist
229,CoreLogic,"Irvine, CA",Data Scientist
230,Ariosa Diagnostics,"San Jose, CA",Data Scientist
231,Ariosa Diagnostics,"San Jose, CA",Data Scientist
232,Ariosa Diagnostics,"San Jose, CA",Data Scientist
233,Ariosa Diagnostics,"San Jose, CA",Data Scientist
234,Ariosa Diagnostics,"San Jose, CA",Data Scientist
235,Ariosa Diagnostics,"San Jose, CA",Data Scientist
236,Ariosa Diagnostics,"San Jose, CA",Data Scientist
237,Ariosa Diagnostics,"San Jose, CA",Data Scientist
238,Ariosa Diagnostics,"San Jose, CA",Data Scientist
239,Ariosa Diagnostics,"San Jose, CA",Data Scientist
240,Indeed,"San Francisco, CA",Data Scientist
241,CoreLogic,"Irvine, CA",Data Scientist
242,Ariosa Diagnostics,"San Jose, CA",Data Scientist
243,Ariosa Diagnostics,"San Jose, CA",Data Scientist
244,Ariosa Diagnostics,"San Jose, CA",Data Scientist
245,Ariosa Diagnostics,"San Jose, CA",Data Scientist
246,Ariosa Diagnostics,"San Jose, CA",Data Scientist
247,Ariosa Diagnostics,"San Jose, CA",Data Scientist
248,Ariosa Diagnostics,"San Jose, CA",Data Scientist
249,Ariosa Diagnostics,"San Jose, CA",Data Scientist
250,Ariosa Diagnostics,"San Jose, CA",Data Scientist
251,Ariosa Diagnostics,"San Jose, CA",Data Scientist
252,General Motors,"Austin, TX",Data Scientist
253,CoreLogic,"Irvine, CA",Data Scientist
254,Indeed,"San Francisco, CA",Data Scientist
255,Indeed,"San Francisco, CA",Data Scientist
256,Indeed,"San Francisco, CA",Data Scientist
257,Indeed,"San Francisco, CA",Data Scientist
258,Indeed,"San Francisco, CA",Data Scientist
259,Indeed,"San Francisco, CA",Data Scientist
260,Indeed,"San Francisco, CA",Data Scientist
261,Indeed,"San Francisco, CA",Data Scientist
262,Indeed,"San Francisco, CA",Data Scientist
263,Indeed,"San Francisco, CA",Data Scientist
264,Indeed,"San Francisco, CA",Data Scientist
265,Ariosa Diagnostics,"San Jose, CA",Data Scientist
266,CoreLogic,"Irvine, CA",Data Scientist
267,CoreLogic,"Irvine, CA",Data Scientist
268,CoreLogic,"Irvine, CA",Data Scientist
269,CoreLogic,"Irvine, CA",Data Scientist
270,CoreLogic,"Irvine, CA",Data Scientist
271,CoreLogic,"Irvine, CA",Data Scientist
272,CoreLogic,"Irvine, CA",Data Scientist
273,CoreLogic,"Irvine, CA",Data Scientist
274,CoreLogic,"Irvine, CA",Data Scientist
275,CoreLogic,"Irvine, CA",Data Scientist
276,Indeed,"San Francisco, CA",Data Scientist
277,CoreLogic,"Irvine, CA",Data Scientist
278,Ariosa Diagnostics,"San Jose, CA",Data Scientist
279,Ariosa Diagnostics,"San Jose, CA",Data Scientist
280,Ariosa Diagnostics,"San Jose, CA",Data Scientist
281,Ariosa Diagnostics,"San Jose, CA",Data Scientist
282,Ariosa Diagnostics,"San Jose, CA",Data Scientist
283,Ariosa Diagnostics,"San Jose, CA",Data Scientist
284,Ariosa Diagnostics,"San Jose, CA",Data Scientist
285,Ariosa Diagnostics,"San Jose, CA",Data Scientist
286,Ariosa Diagnostics,"San Jose, CA",Data Scientist
287,Ariosa Diagnostics,"San Jose, CA",Data Scientist
288,Indeed,"San Francisco, CA",Data Scientist
289,Ariosa Diagnostics,"San Jose, CA",Data Scientist
290,CoreLogic,"Irvine, CA",Data Scientist
291,CoreLogic,"Irvine, CA",Data Scientist
292,CoreLogic,"Irvine, CA",Data Scientist
293,CoreLogic,"Irvine, CA",Data Scientist
294,CoreLogic,"Irvine, CA",Data Scientist
295,CoreLogic,"Irvine, CA",Data Scientist
296,CoreLogic,"Irvine, CA",Data Scientist
297,CoreLogic,"Irvine, CA",Data Scientist
298,CoreLogic,"Irvine, CA",Data Scientist
299,CoreLogic,"Irvine, CA",Data Scientist
300,Indeed,"San Francisco, CA",Data Scientist
301,CoreLogic,"Irvine, CA",Data Scientist
302,Ariosa Diagnostics,"San Jose, CA",Data Scientist
303,Ariosa Diagnostics,"San Jose, CA",Data Scientist
304,Ariosa Diagnostics,"San Jose, CA",Data Scientist
305,Ariosa Diagnostics,"San Jose, CA",Data Scientist
306,Ariosa Diagnostics,"San Jose, CA",Data Scientist
307,Ariosa Diagnostics,"San Jose, CA",Data Scientist
308,Ariosa Diagnostics,"San Jose, CA",Data Scientist
309,Ariosa Diagnostics,"San Jose, CA",Data Scientist
310,Ariosa Diagnostics,"San Jose, CA",Data Scientist
311,Ariosa Diagnostics,"San Jose, CA",Data Scientist
312,Indeed,"San Francisco, CA",Data Scientist
313,CoreLogic,"Irvine, CA",Data Scientist
314,Ariosa Diagnostics,"San Jose, CA",Data Scientist
315,Ariosa Diagnostics,"San Jose, CA",Data Scientist
316,Ariosa Diagnostics,"San Jose, CA",Data Scientist
317,Ariosa Diagnostics,"San Jose, CA",Data Scientist
318,Ariosa Diagnostics,"San Jose, CA",Data Scientist
319,Ariosa Diagnostics,"San Jose, CA",Data Scientist
320,Ariosa Diagnostics,"San Jose, CA",Data Scientist
321,Ariosa Diagnostics,"San Jose, CA",Data Scientist
322,Ariosa Diagnostics,"San Jose, CA",Data Scientist
323,Ariosa Diagnostics,"San Jose, CA",Data Scientist
324,Indeed,"San Francisco, CA",Data Scientist
325,CoreLogic,"Irvine, CA",Data Scientist
326,Ariosa Diagnostics,"San Jose, CA",Data Scientist
327,Ariosa Diagnostics,"San Jose, CA",Data Scientist
328,Ariosa Diagnostics,"San Jose, CA",Data Scientist
329,Ariosa Diagnostics,"San Jose, CA",Data Scientist
330,Ariosa Diagnostics,"San Jose, CA",Data Scientist
331,Ariosa Diagnostics,"San Jose, CA",Data Scientist
332,Ariosa Diagnostics,"San Jose, CA",Data Scientist
333,Ariosa Diagnostics,"San Jose, CA",Data Scientist
334,Ariosa Diagnostics,"San Jose, CA",Data Scientist
335,Ariosa Diagnostics,"San Jose, CA",Data Scientist
336,Indeed,"San Francisco, CA",Data Scientist
337,CoreLogic,"Irvine, CA",Data Scientist
338,Ariosa Diagnostics,"San Jose, CA",Data Scientist
339,Ariosa Diagnostics,"San Jose, CA",Data Scientist
340,Ariosa Diagnostics,"San Jose, CA",Data Scientist
341,Ariosa Diagnostics,"San Jose, CA",Data Scientist
342,Ariosa Diagnostics,"San Jose, CA",Data Scientist
343,Ariosa Diagnostics,"San Jose, CA",Data Scientist
344,Ariosa Diagnostics,"San Jose, CA",Data Scientist
345,Ariosa Diagnostics,"San Jose, CA",Data Scientist
346,Ariosa Diagnostics,"San Jose, CA",Data Scientist
347,Ariosa Diagnostics,"San Jose, CA",Data Scientist
348,Indeed,"San Francisco, CA",Data Scientist
349,National Security Agency,"Fort George G Meade, MD",Data Scientist
350,Ariosa Diagnostics,"San Jose, CA",Data Scientist
351,Ariosa Diagnostics,"San Jose, CA",Data Scientist
352,Ariosa Diagnostics,"San Jose, CA",Data Scientist
353,Ariosa Diagnostics,"San Jose, CA",Data Scientist
354,Ariosa Diagnostics,"San Jose, CA",Data Scientist
355,Ariosa Diagnostics,"San Jose, CA",Data Scientist
356,Ariosa Diagnostics,"San Jose, CA",Data Scientist
357,Ariosa Diagnostics,"San Jose, CA",Data Scientist
358,Ariosa Diagnostics,"San Jose, CA",Data Scientist
359,Ariosa Diagnostics,"San Jose, CA",Data Scientist
360,CoreLogic,"Irvine, CA",Data Scientist
361,Indeed,"San Francisco, CA",Data Scientist
362,General Motors,"Austin, TX",Data Scientist
363,General Motors,"Austin, TX",Data Scientist
364,General Motors,"Austin, TX",Data Scientist
365,General Motors,"Austin, TX",Data Scientist
366,General Motors,"Austin, TX",Data Scientist
367,General Motors,"Austin, TX",Data Scientist
368,General Motors,"Austin, TX",Data Scientist
369,General Motors,"Austin, TX",Data Scientist
370,General Motors,"Austin, TX",Data Scientist
371,General Motors,"Austin, TX",Data Scientist
372,Indeed,"San Francisco, CA",Data Scientist
373,Ariosa Diagnostics,"San Jose, CA",Data Scientist
374,CoreLogic,"Irvine, CA",Data Scientist
375,CoreLogic,"Irvine, CA",Data Scientist
376,CoreLogic,"Irvine, CA",Data Scientist
377,CoreLogic,"Irvine, CA",Data Scientist
378,CoreLogic,"Irvine, CA",Data Scientist
379,CoreLogic,"Irvine, CA",Data Scientist
380,CoreLogic,"Irvine, CA",Data Scientist
381,CoreLogic,"Irvine, CA",Data Scientist
382,CoreLogic,"Irvine, CA",Data Scientist
383,CoreLogic,"Irvine, CA",Data Scientist
384,CoreLogic,"Irvine, CA",Data Scientist
385,Indeed,"San Francisco, CA",Data Scientist
386,Ariosa Diagnostics,"San Jose, CA",Data Scientist
387,Ariosa Diagnostics,"San Jose, CA",Data Scientist
388,Ariosa Diagnostics,"San Jose, CA",Data Scientist
389,Ariosa Diagnostics,"San Jose, CA",Data Scientist
390,Ariosa Diagnostics,"San Jose, CA",Data Scientist
391,Ariosa Diagnostics,"San Jose, CA",Data Scientist
392,Ariosa Diagnostics,"San Jose, CA",Data Scientist
393,Ariosa Diagnostics,"San Jose, CA",Data Scientist
394,Ariosa Diagnostics,"San Jose, CA",Data Scientist
395,Ariosa Diagnostics,"San Jose, CA",Data Scientist
396,CoreLogic,"Irvine, CA",Data Scientist
397,Indeed,"San Francisco, CA",Data Scientist
398,Ariosa Diagnostics,"San Jose, CA",Data Scientist
399,Ariosa Diagnostics,"San Jose, CA",Data Scientist
400,Ariosa Diagnostics,"San Jose, CA",Data Scientist
401,Ariosa Diagnostics,"San Jose, CA",Data Scientist
402,Ariosa Diagnostics,"San Jose, CA",Data Scientist
403,Ariosa Diagnostics,"San Jose, CA",Data Scientist
404,Ariosa Diagnostics,"San Jose, CA",Data Scientist
405,Ariosa Diagnostics,"San Jose, CA",Data Scientist
406,Ariosa Diagnostics,"San Jose, CA",Data Scientist
407,Ariosa Diagnostics,"San Jose, CA",Data Scientist
408,General Motors,"Austin, TX",Data Scientist
409,Indeed,"San Francisco, CA",Data Scientist
410,Ariosa Diagnostics,"San Jose, CA",Data Scientist
411,Ariosa Diagnostics,"San Jose, CA",Data Scientist
412,Ariosa Diagnostics,"San Jose, CA",Data Scientist
413,Ariosa Diagnostics,"San Jose, CA",Data Scientist
414,Ariosa Diagnostics,"San Jose, CA",Data Scientist
415,Ariosa Diagnostics,"San Jose, CA",Data Scientist
416,Ariosa Diagnostics,"San Jose, CA",Data Scientist
417,Ariosa Diagnostics,"San Jose, CA",Data Scientist
418,Ariosa Diagnostics,"San Jose, CA",Data Scientist
419,Ariosa Diagnostics,"San Jose, CA",Data Scientist
420,Indeed,"San Francisco, CA",Data Scientist
421,Ariosa Diagnostics,"San Jose, CA",Data Scientist
422,CoreLogic,"Irvine, CA",Data Scientist
423,CoreLogic,"Irvine, CA",Data Scientist
424,CoreLogic,"Irvine, CA",Data Scientist
425,CoreLogic,"Irvine, CA",Data Scientist
426,CoreLogic,"Irvine, CA",Data Scientist
427,CoreLogic,"Irvine, CA",Data Scientist
428,CoreLogic,"Irvine, CA",Data Scientist
429,CoreLogic,"Irvine, CA",Data Scientist
430,CoreLogic,"Irvine, CA",Data Scientist
431,CoreLogic,"Irvine, CA",Data Scientist
432,Ariosa Diagnostics,"San Jose, CA",Data Scientist
433,Indeed,"San Francisco, CA",Data Scientist
434,CoreLogic,"Irvine, CA",Data Scientist
435,CoreLogic,"Irvine, CA",Data Scientist
436,CoreLogic,"Irvine, CA",Data Scientist
437,CoreLogic,"Irvine, CA",Data Scientist
438,CoreLogic,"Irvine, CA",Data Scientist
439,CoreLogic,"Irvine, CA",Data Scientist
440,CoreLogic,"Irvine, CA",Data Scientist
441,CoreLogic,"Irvine, CA",Data Scientist
442,CoreLogic,"Irvine, CA",Data Scientist
443,CoreLogic,"Irvine, CA",Data Scientist
444,CoreLogic,"Irvine, CA",Data Scientist
445,Indeed,"San Francisco, CA",Data Scientist
446,General Motors,"Austin, TX",Data Scientist
447,General Motors,"Austin, TX",Data Scientist
448,General Motors,"Austin, TX",Data Scientist
449,General Motors,"Austin, TX",Data Scientist
450,General Motors,"Austin, TX",Data Scientist
451,General Motors,"Austin, TX",Data Scientist
452,General Motors,"Austin, TX",Data Scientist
453,General Motors,"Austin, TX",Data Scientist
454,General Motors,"Austin, TX",Data Scientist
455,General Motors,"Austin, TX",Data Scientist
456,CoreLogic,"Irvine, CA",Data Scientist
457,Indeed,"San Francisco, CA",Data Scientist
458,Ariosa Diagnostics,"San Jose, CA",Data Scientist
459,Ariosa Diagnostics,"San Jose, CA",Data Scientist
460,Ariosa Diagnostics,"San Jose, CA",Data Scientist
461,Ariosa Diagnostics,"San Jose, CA",Data Scientist
462,Ariosa Diagnostics,"San Jose, CA",Data Scientist
463,Ariosa Diagnostics,"San Jose, CA",Data Scientist
464,Ariosa Diagnostics,"San Jose, CA",Data Scientist
465,Ariosa Diagnostics,"San Jose, CA",Data Scientist
466,Ariosa Diagnostics,"San Jose, CA",Data Scientist
467,Ariosa Diagnostics,"San Jose, CA",Data Scientist
468,Ariosa Diagnostics,"San Jose, CA",Data Scientist
469,CoreLogic,"Irvine, CA",Data Scientist
470,Indeed,"San Francisco, CA",Data Scientist
471,Indeed,"San Francisco, CA",Data Scientist
472,Indeed,"San Francisco, CA",Data Scientist
473,Indeed,"San Francisco, CA",Data Scientist
474,Indeed,"San Francisco, CA",Data Scientist
475,Indeed,"San Francisco, CA",Data Scientist
476,Indeed,"San Francisco, CA",Data Scientist
477,Indeed,"San Francisco, CA",Data Scientist
478,Indeed,"San Francisco, CA",Data Scientist
479,Indeed,"San Francisco, CA",Data Scientist
480,Ariosa Diagnostics,"San Jose, CA",Data Scientist
481,Indeed,"San Francisco, CA",Data Scientist
482,CoreLogic,"Irvine, CA",Data Scientist
483,CoreLogic,"Irvine, CA",Data Scientist
484,CoreLogic,"Irvine, CA",Data Scientist
485,CoreLogic,"Irvine, CA",Data Scientist
486,CoreLogic,"Irvine, CA",Data Scientist
487,CoreLogic,"Irvine, CA",Data Scientist
488,CoreLogic,"Irvine, CA",Data Scientist
489,CoreLogic,"Irvine, CA",Data Scientist
490,CoreLogic,"Irvine, CA",Data Scientist
491,CoreLogic,"Irvine, CA",Data Scientist
492,Ariosa Diagnostics,"San Jose, CA",Data Scientist
493,CoreLogic,"Irvine, CA",Data Scientist
494,Indeed,"San Francisco, CA",Data Scientist
495,Indeed,"San Francisco, CA",Data Scientist
496,Indeed,"San Francisco, CA",Data Scientist
497,Indeed,"San Francisco, CA",Data Scientist
498,Indeed,"San Francisco, CA",Data Scientist
499,Indeed,"San Francisco, CA",Data Scientist
500,Indeed,"San Francisco, CA",Data Scientist
501,Indeed,"San Francisco, CA",Data Scientist
502,Indeed,"San Francisco, CA",Data Scientist
503,Indeed,"San Francisco, CA",Data Scientist
504,National Security Agency,"Fort George G Meade, MD",Data Scientist
505,Ariosa Diagnostics,"San Jose, CA",Data Scientist
506,CoreLogic,"Irvine, CA",Data Scientist
507,CoreLogic,"Irvine, CA",Data Scientist
508,CoreLogic,"Irvine, CA",Data Scientist
509,CoreLogic,"Irvine, CA",Data Scientist
510,CoreLogic,"Irvine, CA",Data Scientist
511,CoreLogic,"Irvine, CA",Data Scientist
512,CoreLogic,"Irvine, CA",Data Scientist
513,CoreLogic,"Irvine, CA",Data Scientist
514,CoreLogic,"Irvine, CA",Data Scientist
515,CoreLogic,"Irvine, CA",Data Scientist
516,CoreLogic,"Irvine, CA",Data Scientist
517,Indeed,"San Francisco, CA",Data Scientist
518,Ariosa Diagnostics,"San Jose, CA",Data Scientist
519,Ariosa Diagnostics,"San Jose, CA",Data Scientist
520,Ariosa Diagnostics,"San Jose, CA",Data Scientist
521,Ariosa Diagnostics,"San Jose, CA",Data Scientist
522,Ariosa Diagnostics,"San Jose, CA",Data Scientist
523,Ariosa Diagnostics,"San Jose, CA",Data Scientist
524,Ariosa Diagnostics,"San Jose, CA",Data Scientist
525,Ariosa Diagnostics,"San Jose, CA",Data Scientist
526,Ariosa Diagnostics,"San Jose, CA",Data Scientist
527,Ariosa Diagnostics,"San Jose, CA",Data Scientist
528,CoreLogic,"Irvine, CA",Data Scientist
529,Indeed,"San Francisco, CA",Data Scientist
530,Ariosa Diagnostics,"San Jose, CA",Data Scientist
531,Ariosa Diagnostics,"San Jose, CA",Data Scientist
532,Ariosa Diagnostics,"San Jose, CA",Data Scientist
533,Ariosa Diagnostics,"San Jose, CA",Data Scientist
534,Ariosa Diagnostics,"San Jose, CA",Data Scientist
535,Ariosa Diagnostics,"San Jose, CA",Data Scientist
536,Ariosa Diagnostics,"San Jose, CA",Data Scientist
537,Ariosa Diagnostics,"San Jose, CA",Data Scientist
538,Ariosa Diagnostics,"San Jose, CA",Data Scientist
539,Ariosa Diagnostics,"San Jose, CA",Data Scientist
540,CoreLogic,"Irvine, CA",Data Scientist
541,Indeed,"San Francisco, CA",Data Scientist
542,Ariosa Diagnostics,"San Jose, CA",Data Scientist
543,Ariosa Diagnostics,"San Jose, CA",Data Scientist
544,Ariosa Diagnostics,"San Jose, CA",Data Scientist
545,Ariosa Diagnostics,"San Jose, CA",Data Scientist
546,Ariosa Diagnostics,"San Jose, CA",Data Scientist
547,Ariosa Diagnostics,"San Jose, CA",Data Scientist
548,Ariosa Diagnostics,"San Jose, CA",Data Scientist
549,Ariosa Diagnostics,"San Jose, CA",Data Scientist
550,Ariosa Diagnostics,"San Jose, CA",Data Scientist
551,Ariosa Diagnostics,"San Jose, CA",Data Scientist
552,CoreLogic,"Irvine, CA",Data Scientist
553,Indeed,"San Francisco, CA",Data Scientist
554,Ariosa Diagnostics,"San Jose, CA",Data Scientist
555,Ariosa Diagnostics,"San Jose, CA",Data Scientist
556,Ariosa Diagnostics,"San Jose, CA",Data Scientist
557,Ariosa Diagnostics,"San Jose, CA",Data Scientist
558,Ariosa Diagnostics,"San Jose, CA",Data Scientist
559,Ariosa Diagnostics,"San Jose, CA",Data Scientist
560,Ariosa Diagnostics,"San Jose, CA",Data Scientist
561,Ariosa Diagnostics,"San Jose, CA",Data Scientist
562,Ariosa Diagnostics,"San Jose, CA",Data Scientist
563,Ariosa Diagnostics,"San Jose, CA",Data Scientist
564,Ariosa Diagnostics,"San Jose, CA",Data Scientist
565,Indeed,"San Francisco, CA",Data Scientist
566,CoreLogic,"Irvine, CA",Data Scientist
567,CoreLogic,"Irvine, CA",Data Scientist
568,CoreLogic,"Irvine, CA",Data Scientist
569,CoreLogic,"Irvine, CA",Data Scientist
570,CoreLogic,"Irvine, CA",Data Scientist
571,CoreLogic,"Irvine, CA",Data Scientist
572,CoreLogic,"Irvine, CA",Data Scientist
573,CoreLogic,"Irvine, CA",Data Scientist
574,CoreLogic,"Irvine, CA",Data Scientist
575,CoreLogic,"Irvine, CA",Data Scientist
576,Ariosa Diagnostics,"San Jose, CA",Data Scientist
577,Indeed,"San Francisco, CA",Data Scientist
578,CoreLogic,"Irvine, CA",Data Scientist
579,CoreLogic,"Irvine, CA",Data Scientist
580,CoreLogic,"Irvine, CA",Data Scientist
581,CoreLogic,"Irvine, CA",Data Scientist
582,CoreLogic,"Irvine, CA",Data Scientist
583,CoreLogic,"Irvine, CA",Data Scientist
584,CoreLogic,"Irvine, CA",Data Scientist
585,CoreLogic,"Irvine, CA",Data Scientist
586,CoreLogic,"Irvine, CA",Data Scientist
587,CoreLogic,"Irvine, CA",Data Scientist
588,CoreLogic,"Irvine, CA",Data Scientist
589,Indeed,"San Francisco, CA",Data Scientist
590,General Motors,"Austin, TX",Data Scientist
591,General Motors,"Austin, TX",Data Scientist
592,General Motors,"Austin, TX",Data Scientist
593,General Motors,"Austin, TX",Data Scientist
594,General Motors,"Austin, TX",Data Scientist
595,General Motors,"Austin, TX",Data Scientist
596,General Motors,"Austin, TX",Data Scientist
597,General Motors,"Austin, TX",Data Scientist
598,General Motors,"Austin, TX",Data Scientist
599,General Motors,"Austin, TX",Data Scientist
600,General Motors,"Austin, TX",Data Scientist
601,CoreLogic,"Irvine, CA",Data Scientist
602,Indeed,"San Francisco, CA",Data Scientist
603,Indeed,"San Francisco, CA",Data Scientist
604,Indeed,"San Francisco, CA",Data Scientist
605,Indeed,"San Francisco, CA",Data Scientist
606,Indeed,"San Francisco, CA",Data Scientist
607,Indeed,"San Francisco, CA",Data Scientist
608,Indeed,"San Francisco, CA",Data Scientist
609,Indeed,"San Francisco, CA",Data Scientist
610,Indeed,"San Francisco, CA",Data Scientist
611,Indeed,"San Francisco, CA",Data Scientist
612,National Security Agency,"Fort George G Meade, MD",Data Scientist
613,CoreLogic,"Irvine, CA",Data Scientist
614,Ariosa Diagnostics,"San Jose, CA",Data Scientist
615,Ariosa Diagnostics,"San Jose, CA",Data Scientist
616,Ariosa Diagnostics,"San Jose, CA",Data Scientist
617,Ariosa Diagnostics,"San Jose, CA",Data Scientist
618,Ariosa Diagnostics,"San Jose, CA",Data Scientist
619,Ariosa Diagnostics,"San Jose, CA",Data Scientist
620,Ariosa Diagnostics,"San Jose, CA",Data Scientist
621,Ariosa Diagnostics,"San Jose, CA",Data Scientist
622,Ariosa Diagnostics,"San Jose, CA",Data Scientist
623,Ariosa Diagnostics,"San Jose, CA",Data Scientist
624,General Motors,"Austin, TX",Data Scientist
625,Indeed,"San Francisco, CA",Data Scientist
626,CoreLogic,"Irvine, CA",Data Scientist
627,CoreLogic,"Irvine, CA",Data Scientist
628,CoreLogic,"Irvine, CA",Data Scientist
629,CoreLogic,"Irvine, CA",Data Scientist
630,CoreLogic,"Irvine, CA",Data Scientist
631,CoreLogic,"Irvine, CA",Data Scientist
632,CoreLogic,"Irvine, CA",Data Scientist
633,CoreLogic,"Irvine, CA",Data Scientist
634,CoreLogic,"Irvine, CA",Data Scientist
635,CoreLogic,"Irvine, CA",Data Scientist
636,General Motors,"Austin, TX",Data Scientist
637,Ariosa Diagnostics,"San Jose, CA",Data Scientist
638,Indeed,"San Francisco, CA",Data Scientist
639,Indeed,"San Francisco, CA",Data Scientist
640,Indeed,"San Francisco, CA",Data Scientist
641,Indeed,"San Francisco, CA",Data Scientist
642,Indeed,"San Francisco, CA",Data Scientist
643,Indeed,"San Francisco, CA",Data Scientist
644,Indeed,"San Francisco, CA",Data Scientist
645,Indeed,"San Francisco, CA",Data Scientist
646,Indeed,"San Francisco, CA",Data Scientist
647,Indeed,"San Francisco, CA",Data Scientist
648,Ariosa Diagnostics,"San Jose, CA",Data Scientist
649,Indeed,"San Francisco, CA",Data Scientist
650,CoreLogic,"Irvine, CA",Data Scientist
651,CoreLogic,"Irvine, CA",Data Scientist
652,CoreLogic,"Irvine, CA",Data Scientist
653,CoreLogic,"Irvine, CA",Data Scientist
654,CoreLogic,"Irvine, CA",Data Scientist
655,CoreLogic,"Irvine, CA",Data Scientist
656,CoreLogic,"Irvine, CA",Data Scientist
657,CoreLogic,"Irvine, CA",Data Scientist
658,CoreLogic,"Irvine, CA",Data Scientist
659,CoreLogic,"Irvine, CA",Data Scientist
660,Indeed,"San Francisco, CA",Data Scientist
661,National Security Agency,"Fort George G Meade, MD",Data Scientist
662,Ariosa Diagnostics,"San Jose, CA",Data Scientist
663,Ariosa Diagnostics,"San Jose, CA",Data Scientist
664,Ariosa Diagnostics,"San Jose, CA",Data Scientist
665,Ariosa Diagnostics,"San Jose, CA",Data Scientist
666,Ariosa Diagnostics,"San Jose, CA",Data Scientist
667,Ariosa Diagnostics,"San Jose, CA",Data Scientist
668,Ariosa Diagnostics,"San Jose, CA",Data Scientist
669,Ariosa Diagnostics,"San Jose, CA",Data Scientist
670,Ariosa Diagnostics,"San Jose, CA",Data Scientist
671,Ariosa Diagnostics,"San Jose, CA",Data Scientist
672,General Motors,"Austin, TX",Data Scientist
673,Ariosa Diagnostics,"San Jose, CA",Data Scientist
674,CoreLogic,"Irvine, CA",Data Scientist
675,CoreLogic,"Irvine, CA",Data Scientist
676,CoreLogic,"Irvine, CA",Data Scientist
677,CoreLogic,"Irvine, CA",Data Scientist
678,CoreLogic,"Irvine, CA",Data Scientist
679,CoreLogic,"Irvine, CA",Data Scientist
680,CoreLogic,"Irvine, CA",Data Scientist
681,CoreLogic,"Irvine, CA",Data Scientist
682,CoreLogic,"Irvine, CA",Data Scientist
683,CoreLogic,"Irvine, CA",Data Scientist
684,General Motors,"Austin, TX",Data Scientist
685,CoreLogic,"Irvine, CA",Data Scientist
686,National Security Agency,"Fort George G Meade, MD",Data Scientist
687,National Security Agency,"Fort George G Meade, MD",Data Scientist
688,National Security Agency,"Fort George G Meade, MD",Data Scientist
689,National Security Agency,"Fort George G Meade, MD",Data Scientist
690,National Security Agency,"Fort George G Meade, MD",Data Scientist
691,National Security Agency,"Fort George G Meade, MD",Data Scientist
692,National Security Agency,"Fort George G Meade, MD",Data Scientist
693,National Security Agency,"Fort George G Meade, MD",Data Scientist
694,National Security Agency,"Fort George G Meade, MD",Data Scientist
695,National Security Agency,"Fort George G Meade, MD",Data Scientist
696,General Motors,"Austin, TX",Data Scientist
697,Ariosa Diagnostics,"San Jose, CA",Data Scientist
698,Indeed,"San Francisco, CA",Data Scientist
699,Indeed,"San Francisco, CA",Data Scientist
700,Indeed,"San Francisco, CA",Data Scientist
701,Indeed,"San Francisco, CA",Data Scientist
702,Indeed,"San Francisco, CA",Data Scientist
703,Indeed,"San Francisco, CA",Data Scientist
704,Indeed,"San Francisco, CA",Data Scientist
705,Indeed,"San Francisco, CA",Data Scientist
706,Indeed,"San Francisco, CA",Data Scientist
707,Indeed,"San Francisco, CA",Data Scientist
708,General Motors,"Austin, TX",Data Scientist
709,Ariosa Diagnostics,"San Jose, CA",Data Scientist
710,CoreLogic,"Irvine, CA",Data Scientist
711,CoreLogic,"Irvine, CA",Data Scientist
712,CoreLogic,"Irvine, CA",Data Scientist
713,CoreLogic,"Irvine, CA",Data Scientist
714,CoreLogic,"Irvine, CA",Data Scientist
715,CoreLogic,"Irvine, CA",Data Scientist
716,CoreLogic,"Irvine, CA",Data Scientist
717,CoreLogic,"Irvine, CA",Data Scientist
718,CoreLogic,"Irvine, CA",Data Scientist
719,CoreLogic,"Irvine, CA",Data Scientist
720,CoreLogic,"Irvine, CA",Data Scientist
721,Indeed,"San Francisco, CA",Data Scientist
722,Ariosa Diagnostics,"San Jose, CA",Data Scientist
723,Ariosa Diagnostics,"San Jose, CA",Data Scientist
724,Ariosa Diagnostics,"San Jose, CA",Data Scientist
725,Ariosa Diagnostics,"San Jose, CA",Data Scientist
726,Ariosa Diagnostics,"San Jose, CA",Data Scientist
727,Ariosa Diagnostics,"San Jose, CA",Data Scientist
728,Ariosa Diagnostics,"San Jose, CA",Data Scientist
729,Ariosa Diagnostics,"San Jose, CA",Data Scientist
730,Ariosa Diagnostics,"San Jose, CA",Data Scientist
731,Ariosa Diagnostics,"San Jose, CA",Data Scientist
732,General Motors,"Austin, TX",Data Scientist
733,CoreLogic,"Irvine, CA",Data Scientist
734,Indeed,"San Francisco, CA",Data Scientist
735,Indeed,"San Francisco, CA",Data Scientist
736,Indeed,"San Francisco, CA",Data Scientist
737,Indeed,"San Francisco, CA",Data Scientist
738,Indeed,"San Francisco, CA",Data Scientist
739,Indeed,"San Francisco, CA",Data Scientist
740,Indeed,"San Francisco, CA",Data Scientist
741,Indeed,"San Francisco, CA",Data Scientist
742,Indeed,"San Francisco, CA",Data Scientist
743,Indeed,"San Francisco, CA",Data Scientist
744,General Motors,"Austin, TX",Data Scientist
745,Ariosa Diagnostics,"San Jose, CA",Data Scientist
746,Indeed,"San Francisco, CA",Data Scientist
747,Indeed,"San Francisco, CA",Data Scientist
748,Indeed,"San Francisco, CA",Data Scientist
749,Indeed,"San Francisco, CA",Data Scientist
750,Indeed,"San Francisco, CA",Data Scientist
751,Indeed,"San Francisco, CA",Data Scientist
752,Indeed,"San Francisco, CA",Data Scientist
753,Indeed,"San Francisco, CA",Data Scientist
754,Indeed,"San Francisco, CA",Data Scientist
755,Indeed,"San Francisco, CA",Data Scientist
756,General Motors,"Austin, TX",Data Scientist
757,Ariosa Diagnostics,"San Jose, CA",Data Scientist
758,CoreLogic,"Irvine, CA",Data Scientist
759,CoreLogic,"Irvine, CA",Data Scientist
760,CoreLogic,"Irvine, CA",Data Scientist
761,CoreLogic,"Irvine, CA",Data Scientist
762,CoreLogic,"Irvine, CA",Data Scientist
763,CoreLogic,"Irvine, CA",Data Scientist
764,CoreLogic,"Irvine, CA",Data Scientist
765,CoreLogic,"Irvine, CA",Data Scientist
766,CoreLogic,"Irvine, CA",Data Scientist
767,CoreLogic,"Irvine, CA",Data Scientist
768,General Motors,"Austin, TX",Data Scientist
769,Ariosa Diagnostics,"San Jose, CA",Data Scientist
770,CoreLogic,"Irvine, CA",Data Scientist
771,CoreLogic,"Irvine, CA",Data Scientist
772,CoreLogic,"Irvine, CA",Data Scientist
773,CoreLogic,"Irvine, CA",Data Scientist
774,CoreLogic,"Irvine, CA",Data Scientist
775,CoreLogic,"Irvine, CA",Data Scientist
776,CoreLogic,"Irvine, CA",Data Scientist
777,CoreLogic,"Irvine, CA",Data Scientist
778,CoreLogic,"Irvine, CA",Data Scientist
779,CoreLogic,"Irvine, CA",Data Scientist
780,CoreLogic,"Irvine, CA",Data Scientist
781,Indeed,"San Francisco, CA",Data Scientist
782,Ariosa Diagnostics,"San Jose, CA",Data Scientist
783,Ariosa Diagnostics,"San Jose, CA",Data Scientist
784,Ariosa Diagnostics,"San Jose, CA",Data Scientist
785,Ariosa Diagnostics,"San Jose, CA",Data Scientist
786,Ariosa Diagnostics,"San Jose, CA",Data Scientist
787,Ariosa Diagnostics,"San Jose, CA",Data Scientist
788,Ariosa Diagnostics,"San Jose, CA",Data Scientist
789,Ariosa Diagnostics,"San Jose, CA",Data Scientist
790,Ariosa Diagnostics,"San Jose, CA",Data Scientist
791,Ariosa Diagnostics,"San Jose, CA",Data Scientist
792,CoreLogic,"Irvine, CA",Data Scientist
793,Indeed,"San Francisco, CA",Data Scientist
794,Ariosa Diagnostics,"San Jose, CA",Data Scientist
795,Ariosa Diagnostics,"San Jose, CA",Data Scientist
796,Ariosa Diagnostics,"San Jose, CA",Data Scientist
797,Ariosa Diagnostics,"San Jose, CA",Data Scientist
798,Ariosa Diagnostics,"San Jose, CA",Data Scientist
799,Ariosa Diagnostics,"San Jose, CA",Data Scientist
800,Ariosa Diagnostics,"San Jose, CA",Data Scientist
801,Ariosa Diagnostics,"San Jose, CA",Data Scientist
802,Ariosa Diagnostics,"San Jose, CA",Data Scientist
803,Ariosa Diagnostics,"San Jose, CA",Data Scientist
804,CoreLogic,"Irvine, CA",Data Scientist
805,Indeed,"San Francisco, CA",Data Scientist
806,Ariosa Diagnostics,"San Jose, CA",Data Scientist
807,Ariosa Diagnostics,"San Jose, CA",Data Scientist
808,Ariosa Diagnostics,"San Jose, CA",Data Scientist
809,Ariosa Diagnostics,"San Jose, CA",Data Scientist
810,Ariosa Diagnostics,"San Jose, CA",Data Scientist
811,Ariosa Diagnostics,"San Jose, CA",Data Scientist
812,Ariosa Diagnostics,"San Jose, CA",Data Scientist
813,Ariosa Diagnostics,"San Jose, CA",Data Scientist
814,Ariosa Diagnostics,"San Jose, CA",Data Scientist
815,Ariosa Diagnostics,"San Jose, CA",Data Scientist
816,CoreLogic,"Irvine, CA",Data Scientist
817,Indeed,"San Francisco, CA",Data Scientist
818,Ariosa Diagnostics,"San Jose, CA",Data Scientist
819,Ariosa Diagnostics,"San Jose, CA",Data Scientist
820,Ariosa Diagnostics,"San Jose, CA",Data Scientist
821,Ariosa Diagnostics,"San Jose, CA",Data Scientist
822,Ariosa Diagnostics,"San Jose, CA",Data Scientist
823,Ariosa Diagnostics,"San Jose, CA",Data Scientist
824,Ariosa Diagnostics,"San Jose, CA",Data Scientist
825,Ariosa Diagnostics,"San Jose, CA",Data Scientist
826,Ariosa Diagnostics,"San Jose, CA",Data Scientist
827,Ariosa Diagnostics,"San Jose, CA",Data Scientist
828,CoreLogic,"Irvine, CA",Data Scientist
829,Indeed,"San Francisco, CA",Data Scientist
830,Ariosa Diagnostics,"San Jose, CA",Data Scientist
831,Ariosa Diagnostics,"San Jose, CA",Data Scientist
832,Ariosa Diagnostics,"San Jose, CA",Data Scientist
833,Ariosa Diagnostics,"San Jose, CA",Data Scientist
834,Ariosa Diagnostics,"San Jose, CA",Data Scientist
835,Ariosa Diagnostics,"San Jose, CA",Data Scientist
836,Ariosa Diagnostics,"San Jose, CA",Data Scientist
837,Ariosa Diagnostics,"San Jose, CA",Data Scientist
838,Ariosa Diagnostics,"San Jose, CA",Data Scientist
839,Ariosa Diagnostics,"San Jose, CA",Data Scientist
840,CoreLogic,"Irvine, CA",Data Scientist
841,Indeed,"San Francisco, CA",Data Scientist
842,Ariosa Diagnostics,"San Jose, CA",Data Scientist
843,Ariosa Diagnostics,"San Jose, CA",Data Scientist
844,Ariosa Diagnostics,"San Jose, CA",Data Scientist
845,Ariosa Diagnostics,"San Jose, CA",Data Scientist
846,Ariosa Diagnostics,"San Jose, CA",Data Scientist
847,Ariosa Diagnostics,"San Jose, CA",Data Scientist
848,Ariosa Diagnostics,"San Jose, CA",Data Scientist
849,Ariosa Diagnostics,"San Jose, CA",Data Scientist
850,Ariosa Diagnostics,"San Jose, CA",Data Scientist
851,Ariosa Diagnostics,"San Jose, CA",Data Scientist
852,General Motors,"Austin, TX",Data Scientist
853,Indeed,"San Francisco, CA",Data Scientist
854,National Security Agency,"Fort George G Meade, MD",Data Scientist
855,National Security Agency,"Fort George G Meade, MD",Data Scientist
856,National Security Agency,"Fort George G Meade, MD",Data Scientist
857,National Security Agency,"Fort George G Meade, MD",Data Scientist
858,National Security Agency,"Fort George G Meade, MD",Data Scientist
859,National Security Agency,"Fort George G Meade, MD",Data Scientist
860,National Security Agency,"Fort George G Meade, MD",Data Scientist
861,National Security Agency,"Fort George G Meade, MD",Data Scientist
862,National Security Agency,"Fort George G Meade, MD",Data Scientist
863,National Security Agency,"Fort George G Meade, MD",Data Scientist
864,CoreLogic,"Irvine, CA",Data Scientist
865,Indeed,"San Francisco, CA",Data Scientist
866,Ariosa Diagnostics,"San Jose, CA",Data Scientist
867,Ariosa Diagnostics,"San Jose, CA",Data Scientist
868,Ariosa Diagnostics,"San Jose, CA",Data Scientist
869,Ariosa Diagnostics,"San Jose, CA",Data Scientist
870,Ariosa Diagnostics,"San Jose, CA",Data Scientist
871,Ariosa Diagnostics,"San Jose, CA",Data Scientist
872,Ariosa Diagnostics,"San Jose, CA",Data Scientist
873,Ariosa Diagnostics,"San Jose, CA",Data Scientist
874,Ariosa Diagnostics,"San Jose, CA",Data Scientist
875,Ariosa Diagnostics,"San Jose, CA",Data Scientist
876,General Motors,"Austin, TX",Data Scientist
877,Indeed,"San Francisco, CA",Data Scientist
878,National Security Agency,"Fort George G Meade, MD",Data Scientist
879,National Security Agency,"Fort George G Meade, MD",Data Scientist
880,National Security Agency,"Fort George G Meade, MD",Data Scientist
881,National Security Agency,"Fort George G Meade, MD",Data Scientist
882,National Security Agency,"Fort George G Meade, MD",Data Scientist
883,National Security Agency,"Fort George G Meade, MD",Data Scientist
884,National Security Agency,"Fort George G Meade, MD",Data Scientist
885,National Security Agency,"Fort George G Meade, MD",Data Scientist
886,National Security Agency,"Fort George G Meade, MD",Data Scientist
887,National Security Agency,"Fort George G Meade, MD",Data Scientist
888,CoreLogic,"Irvine, CA",Data Scientist
889,Indeed,"San Francisco, CA",Data Scientist
890,Ariosa Diagnostics,"San Jose, CA",Data Scientist
891,Ariosa Diagnostics,"San Jose, CA",Data Scientist
892,Ariosa Diagnostics,"San Jose, CA",Data Scientist
893,Ariosa Diagnostics,"San Jose, CA",Data Scientist
894,Ariosa Diagnostics,"San Jose, CA",Data Scientist
895,Ariosa Diagnostics,"San Jose, CA",Data Scientist
896,Ariosa Diagnostics,"San Jose, CA",Data Scientist
897,Ariosa Diagnostics,"San Jose, CA",Data Scientist
898,Ariosa Diagnostics,"San Jose, CA",Data Scientist
899,Ariosa Diagnostics,"San Jose, CA",Data Scientist
900,General Motors,"Austin, TX",Data Scientist
901,Ariosa Diagnostics,"San Jose, CA",Data Scientist
902,Indeed,"San Francisco, CA",Data Scientist
903,Indeed,"San Francisco, CA",Data Scientist
904,Indeed,"San Francisco, CA",Data Scientist
905,Indeed,"San Francisco, CA",Data Scientist
906,Indeed,"San Francisco, CA",Data Scientist
907,Indeed,"San Francisco, CA",Data Scientist
908,Indeed,"San Francisco, CA",Data Scientist
909,Indeed,"San Francisco, CA",Data Scientist
910,Indeed,"San Francisco, CA",Data Scientist
911,Indeed,"San Francisco, CA",Data Scientist
912,Ariosa Diagnostics,"San Jose, CA",Data Scientist
913,CoreLogic,"Irvine, CA",Data Scientist
914,National Security Agency,"Fort George G Meade, MD",Data Scientist
915,National Security Agency,"Fort George G Meade, MD",Data Scientist
916,National Security Agency,"Fort George G Meade, MD",Data Scientist
917,National Security Agency,"Fort George G Meade, MD",Data Scientist
918,National Security Agency,"Fort George G Meade, MD",Data Scientist
919,National Security Agency,"Fort George G Meade, MD",Data Scientist
920,National Security Agency,"Fort George G Meade, MD",Data Scientist
921,National Security Agency,"Fort George G Meade, MD",Data Scientist
922,National Security Agency,"Fort George G Meade, MD",Data Scientist
923,National Security Agency,"Fort George G Meade, MD",Data Scientist
924,CoreLogic,"Irvine, CA",Data Scientist
925,Indeed,"San Francisco, CA",Data Scientist
926,General Motors,"Austin, TX",Data Scientist
927,General Motors,"Austin, TX",Data Scientist
928,General Motors,"Austin, TX",Data Scientist
929,General Motors,"Austin, TX",Data Scientist
930,General Motors,"Austin, TX",Data Scientist
931,General Motors,"Austin, TX",Data Scientist
932,General Motors,"Austin, TX",Data Scientist
933,General Motors,"Austin, TX",Data Scientist
934,General Motors,"Austin, TX",Data Scientist
935,General Motors,"Austin, TX",Data Scientist
936,CoreLogic,"Irvine, CA",Data Scientist
937,Indeed,"San Francisco, CA",Data Scientist
938,General Motors,"Austin, TX",Data Scientist
939,General Motors,"Austin, TX",Data Scientist
940,General Motors,"Austin, TX",Data Scientist
941,General Motors,"Austin, TX",Data Scientist
942,General Motors,"Austin, TX",Data Scientist
943,General Motors,"Austin, TX",Data Scientist
944,General Motors,"Austin, TX",Data Scientist
945,General Motors,"Austin, TX",Data Scientist
946,General Motors,"Austin, TX",Data Scientist
947,General Motors,"Austin, TX",Data Scientist
948,CoreLogic,"Irvine, CA",Data Scientist
949,Indeed,"San Francisco, CA",Data Scientist
950,General Motors,"Austin, TX",Data Scientist
951,General Motors,"Austin, TX",Data Scientist
952,General Motors,"Austin, TX",Data Scientist
953,General Motors,"Austin, TX",Data Scientist
954,General Motors,"Austin, TX",Data Scientist
955,General Motors,"Austin, TX",Data Scientist
956,General Motors,"Austin, TX",Data Scientist
957,General Motors,"Austin, TX",Data Scientist
958,General Motors,"Austin, TX",Data Scientist
959,General Motors,"Austin, TX",Data Scientist
960,CoreLogic,"Irvine, CA",Data Scientist
961,Indeed,"San Francisco, CA",Data Scientist
962,General Motors,"Austin, TX",Data Scientist
963,General Motors,"Austin, TX",Data Scientist
964,General Motors,"Austin, TX",Data Scientist
965,General Motors,"Austin, TX",Data Scientist
966,General Motors,"Austin, TX",Data Scientist
967,General Motors,"Austin, TX",Data Scientist
968,General Motors,"Austin, TX",Data Scientist
969,General Motors,"Austin, TX",Data Scientist
970,General Motors,"Austin, TX",Data Scientist
971,General Motors,"Austin, TX",Data Scientist
972,CoreLogic,"Irvine, CA",Data Scientist
973,Indeed,"San Francisco, CA",Data Scientist
974,General Motors,"Austin, TX",Data Scientist
975,General Motors,"Austin, TX",Data Scientist
976,General Motors,"Austin, TX",Data Scientist
977,General Motors,"Austin, TX",Data Scientist
978,General Motors,"Austin, TX",Data Scientist
979,General Motors,"Austin, TX",Data Scientist
980,General Motors,"Austin, TX",Data Scientist
981,General Motors,"Austin, TX",Data Scientist
982,General Motors,"Austin, TX",Data Scientist
983,General Motors,"Austin, TX",Data Scientist
984,General Motors,"Austin, TX",Data Scientist
985,Ariosa Diagnostics,"San Jose, CA",Data Scientist
986,Indeed,"San Francisco, CA",Data Scientist
987,Indeed,"San Francisco, CA",Data Scientist
988,Indeed,"San Francisco, CA",Data Scientist
989,Indeed,"San Francisco, CA",Data Scientist
990,Indeed,"San Francisco, CA",Data Scientist
991,Indeed,"San Francisco, CA",Data Scientist
992,Indeed,"San Francisco, CA",Data Scientist
993,Indeed,"San Francisco, CA",Data Scientist
994,Indeed,"San Francisco, CA",Data Scientist
995,Indeed,"San Francisco, CA",Data Scientist
996,General Motors,"Austin, TX",Data Scientist
997,Ariosa Diagnostics,"San Jose, CA",Data Scientist
998,Indeed,"San Francisco, CA",Data Scientist
999,Indeed,"San Francisco, CA",Data Scientist
1000,Indeed,"San Francisco, CA",Data Scientist
1001,Indeed,"San Francisco, CA",Data Scientist
1002,Indeed,"San Francisco, CA",Data Scientist
1003,Indeed,"San Francisco, CA",Data Scientist
1004,Indeed,"San Francisco, CA",Data Scientist
1005,Indeed,"San Francisco, CA",Data Scientist
1006,Indeed,"San Francisco, CA",Data Scientist
1007,Indeed,"San Francisco, CA",Data Scientist
1008,General Motors,"Austin, TX",Data Scientist
1009,Ariosa Diagnostics,"San Jose, CA",Data Scientist
1010,Indeed,"San Francisco, CA",Data Scientist
1011,Indeed,"San Francisco, CA",Data Scientist
1012,Indeed,"San Francisco, CA",Data Scientist
1013,Indeed,"San Francisco, CA",Data Scientist
1014,Indeed,"San Francisco, CA",Data Scientist
1015,Indeed,"San Francisco, CA",Data Scientist
1016,Indeed,"San Francisco, CA",Data Scientist
1017,Indeed,"San Francisco, CA",Data Scientist
1018,Indeed,"San Francisco, CA",Data Scientist
1019,Indeed,"San Francisco, CA",Data Scientist
1020,General Motors,"Austin, TX",Data Scientist
1021,Ariosa Diagnostics,"San Jose, CA",Data Scientist
1022,Indeed,"San Francisco, CA",Data Scientist
1023,Indeed,"San Francisco, CA",Data Scientist
1024,Indeed,"San Francisco, CA",Data Scientist
1025,Indeed,"San Francisco, CA",Data Scientist
1026,Indeed,"San Francisco, CA",Data Scientist
1027,Indeed,"San Francisco, CA",Data Scientist
1028,Indeed,"San Francisco, CA",Data Scientist
1029,Indeed,"San Francisco, CA",Data Scientist
1030,Indeed,"San Francisco, CA",Data Scientist
1031,Indeed,"San Francisco, CA",Data Scientist
1032,General Motors,"Austin, TX",Data Scientist
1033,Ariosa Diagnostics,"San Jose, CA",Data Scientist
1034,Indeed,"San Francisco, CA",Data Scientist
1035,Indeed,"San Francisco, CA",Data Scientist
1036,Indeed,"San Francisco, CA",Data Scientist
1037,Indeed,"San Francisco, CA",Data Scientist
1038,Indeed,"San Francisco, CA",Data Scientist
1039,Indeed,"San Francisco, CA",Data Scientist
1040,Indeed,"San Francisco, CA",Data Scientist
1041,Indeed,"San Francisco, CA",Data Scientist
1042,Indeed,"San Francisco, CA",Data Scientist
1043,Indeed,"San Francisco, CA",Data Scientist
1044,General Motors,"Austin, TX",Data Scientist
1045,Ariosa Diagnostics,"San Jose, CA",Data Scientist
1046,Indeed,"San Francisco, CA",Data Scientist
1047,Indeed,"San Francisco, CA",Data Scientist
1048,Indeed,"San Francisco, CA",Data Scientist
1049,Indeed,"San Francisco, CA",Data Scientist
1050,Indeed,"San Francisco, CA",Data Scientist
1051,Indeed,"San Francisco, CA",Data Scientist
1052,Indeed,"San Francisco, CA",Data Scientist
1053,Indeed,"San Francisco, CA",Data Scientist
1054,Indeed,"San Francisco, CA",Data Scientist
1055,Indeed,"San Francisco, CA",Data Scientist
1056,General Motors,"Austin, TX",Data Scientist
1057,Ariosa Diagnostics,"San Jose, CA",Data Scientist
1058,Indeed,"San Francisco, CA",Data Scientist
1059,Indeed,"San Francisco, CA",Data Scientist
1060,Indeed,"San Francisco, CA",Data Scientist
1061,Indeed,"San Francisco, CA",Data Scientist
1062,Indeed,"San Francisco, CA",Data Scientist
1063,Indeed,"San Francisco, CA",Data Scientist
1064,Indeed,"San Francisco, CA",Data Scientist
1065,Indeed,"San Francisco, CA",Data Scientist
1066,Indeed,"San Francisco, CA",Data Scientist
1067,Indeed,"San Francisco, CA",Data Scientist
1068,Ariosa Diagnostics,"San Jose, CA",Data Scientist
1069,Indeed,"San Francisco, CA",Data Scientist
1070,National Security Agency,"Fort George G Meade, MD",Data Scientist
1071,National Security Agency,"Fort George G Meade, MD",Data Scientist
1072,National Security Agency,"Fort George G Meade, MD",Data Scientist
1073,National Security Agency,"Fort George G Meade, MD",Data Scientist
1074,National Security Agency,"Fort George G Meade, MD",Data Scientist
1075,National Security Agency,"Fort George G Meade, MD",Data Scientist
1076,National Security Agency,"Fort George G Meade, MD",Data Scientist
1077,National Security Agency,"Fort George G Meade, MD",Data Scientist
1078,National Security Agency,"Fort George G Meade, MD",Data Scientist
1079,National Security Agency,"Fort George G Meade, MD",Data Scientist
1080,General Motors,"Austin, TX",Data Scientist
1081,Ariosa Diagnostics,"San Jose, CA",Data Scientist
1082,Indeed,"San Francisco, CA",Data Scientist
1083,Indeed,"San Francisco, CA",Data Scientist
1084,Indeed,"San Francisco, CA",Data Scientist
1085,Indeed,"San Francisco, CA",Data Scientist
1086,Indeed,"San Francisco, CA",Data Scientist
1087,Indeed,"San Francisco, CA",Data Scientist
1088,Indeed,"San Francisco, CA",Data Scientist
1089,Indeed,"San Francisco, CA",Data Scientist
1090,Indeed,"San Francisco, CA",Data Scientist
1091,Indeed,"San Francisco, CA",Data Scientist
1092,General Motors,"Austin, TX",Data Scientist
1093,Ariosa Diagnostics,"San Jose, CA",Data Scientist
1094,Indeed,"San Francisco, CA",Data Scientist
1095,Indeed,"San Francisco, CA",Data Scientist
1096,Indeed,"San Francisco, CA",Data Scientist
1097,Indeed,"San Francisco, CA",Data Scientist
1098,Indeed,"San Francisco, CA",Data Scientist
1099,Indeed,"San Francisco, CA",Data Scientist
1100,Indeed,"San Francisco, CA",Data Scientist
1101,Indeed,"San Francisco, CA",Data Scientist
1102,Indeed,"San Francisco, CA",Data Scientist
1103,Indeed,"San Francisco, CA",Data Scientist
1104,Ariosa Diagnostics,"San Jose, CA",Data Scientist
1105,Indeed,"San Francisco, CA",Data Scientist
1106,National Security Agency,"Fort George G Meade, MD",Data Scientist
1107,National Security Agency,"Fort George G Meade, MD",Data Scientist
1108,National Security Agency,"Fort George G Meade, MD",Data Scientist
1109,National Security Agency,"Fort George G Meade, MD",Data Scientist
1110,National Security Agency,"Fort George G Meade, MD",Data Scientist
1111,National Security Agency,"Fort George G Meade, MD",Data Scientist
1112,National Security Agency,"Fort George G Meade, MD",Data Scientist
1113,National Security Agency,"Fort George G Meade, MD",Data Scientist
1114,National Security Agency,"Fort George G Meade, MD",Data Scientist
1115,National Security Agency,"Fort George G Meade, MD",Data Scientist
1116,CoreLogic,"Irvine, CA",Data Scientist
1117,General Motors,"Austin, TX",Data Scientist
1118,Ariosa Diagnostics,"San Jose, CA",Data Scientist
1119,Ariosa Diagnostics,"San Jose, CA",Data Scientist
1120,Ariosa Diagnostics,"San Jose, CA",Data Scientist
1121,Ariosa Diagnostics,"San Jose, CA",Data Scientist
1122,Ariosa Diagnostics,"San Jose, CA",Data Scientist
1123,Ariosa Diagnostics,"San Jose, CA",Data Scientist
1124,Ariosa Diagnostics,"San Jose, CA",Data Scientist
1125,Ariosa Diagnostics,"San Jose, CA",Data Scientist
1126,Ariosa Diagnostics,"San Jose, CA",Data Scientist
1127,Ariosa Diagnostics,"San Jose, CA",Data Scientist
1128,CoreLogic,"Irvine, CA",Data Scientist
1129,General Motors,"Austin, TX",Data Scientist
1130,General Motors,"Austin, TX",Data Scientist
1131,General Motors,"Austin, TX",Data Scientist
1132,General Motors,"Austin, TX",Data Scientist
1133,General Motors,"Austin, TX",Data Scientist
1134,General Motors,"Austin, TX",Data Scientist
1135,General Motors,"Austin, TX",Data Scientist
1136,General Motors,"Austin, TX",Data Scientist
1137,General Motors,"Austin, TX",Data Scientist
1138,General Motors,"Austin, TX",Data Scientist
1139,General Motors,"Austin, TX",Data Scientist
1140,Ariosa Diagnostics,"San Jose, CA",Data Scientist
1141,Indeed,"San Francisco, CA",Data Scientist
1142,Indeed,"San Francisco, CA",Data Scientist
1143,Indeed,"San Francisco, CA",Data Scientist
1144,Indeed,"San Francisco, CA",Data Scientist
1145,Indeed,"San Francisco, CA",Data Scientist
1146,Indeed,"San Francisco, CA",Data Scientist
1147,Indeed,"San Francisco, CA",Data Scientist
1148,Indeed,"San Francisco, CA",Data Scientist
1149,Indeed,"San Francisco, CA",Data Scientist
1150,Indeed,"San Francisco, CA",Data Scientist
1151,General Motors,"Austin, TX",Data Scientist
1152,Ariosa Diagnostics,"San Jose, CA",Data Scientist
1153,Indeed,"San Francisco, CA",Data Scientist
1154,Indeed,"San Francisco, CA",Data Scientist
1155,Indeed,"San Francisco, CA",Data Scientist
1156,Indeed,"San Francisco, CA",Data Scientist
1157,Indeed,"San Francisco, CA",Data Scientist
1158,Indeed,"San Francisco, CA",Data Scientist
1159,Indeed,"San Francisco, CA",Data Scientist
1160,Indeed,"San Francisco, CA",Data Scientist
1161,Indeed,"San Francisco, CA",Data Scientist
1162,Indeed,"San Francisco, CA",Data Scientist
1163,General Motors,"Austin, TX",Data Scientist
1164,Ariosa Diagnostics,"San Jose, CA",Data Scientist
1165,Indeed,"San Francisco, CA",Data Scientist
1166,Indeed,"San Francisco, CA",Data Scientist
1167,Indeed,"San Francisco, CA",Data Scientist
1168,Indeed,"San Francisco, CA",Data Scientist
1169,Indeed,"San Francisco, CA",Data Scientist
1170,Indeed,"San Francisco, CA",Data Scientist
1171,Indeed,"San Francisco, CA",Data Scientist
1172,Indeed,"San Francisco, CA",Data Scientist
1173,Indeed,"San Francisco, CA",Data Scientist
1174,Indeed,"San Francisco, CA",Data Scientist
1175,General Motors,"Austin, TX",Data Scientist
1176,Ariosa Diagnostics,"San Jose, CA",Data Scientist
1177,Indeed,"San Francisco, CA",Data Scientist
1178,Indeed,"San Francisco, CA",Data Scientist
1179,Indeed,"San Francisco, CA",Data Scientist
1180,Indeed,"San Francisco, CA",Data Scientist
1181,Indeed,"San Francisco, CA",Data Scientist
1182,Indeed,"San Francisco, CA",Data Scientist
1183,Indeed,"San Francisco, CA",Data Scientist
1184,Indeed,"San Francisco, CA",Data Scientist
1185,Indeed,"San Francisco, CA",Data Scientist
1186,Indeed,"San Francisco, CA",Data Scientist
